{
    "enemies": [
        {
            "enemyType": "BasicEnemy",
            "x": -8.193612098693848,
            "y": 2.4246139526367189,
            "z": 0.0,
            "currentHpEnemy": 100.0
        },
        {
            "enemyType": "EnergyEnemy",
            "x": -14.13992691040039,
            "y": -10.094005584716797,
            "z": 0.0,
            "currentHpEnemy": 100.0
        },
        {
            "enemyType": "EnergyEnemy",
            "x": -18.261159896850587,
            "y": 11.85897445678711,
            "z": 0.0,
            "currentHpEnemy": 100.0
        }
    ]
}