{
    "enemies": [
        {
            "enemyType": "HealEnemy",
            "x": 6.057865619659424,
            "y": 1.019642949104309,
            "z": 0.0,
            "currentHpEnemy": 100.0
        },
        {
            "enemyType": "HealEnemy",
            "x": -7.6139326095581059,
            "y": 7.236539363861084,
            "z": 0.0,
            "currentHpEnemy": 100.0
        },
        {
            "enemyType": "BasicEnemy",
            "x": 6.374119758605957,
            "y": -10.734957695007325,
            "z": 0.0,
            "currentHpEnemy": 100.0
        }
    ]
}