{
    "enemies": [
        {
            "enemyType": "EnergyEnemy",
            "x": 5.778430938720703,
            "y": -14.103285789489746,
            "z": 0.0
        }
    ]
}