{
    "enemies": [
        {
            "enemyType": "EnergyEnemy",
            "x": -20.864748001098634,
            "y": -18.19484519958496,
            "z": 0.0
        }
    ]
}