{
    "enemies": [
        {
            "enemyType": "EnergyEnemy",
            "x": -13.982380867004395,
            "y": -12.207849502563477,
            "z": 0.0
        },
        {
            "enemyType": "ExplosionEnemy",
            "x": 3.22633695602417,
            "y": -7.806600093841553,
            "z": 0.0
        },
        {
            "enemyType": "EnergyEnemy",
            "x": 7.956149578094482,
            "y": 8.617286682128907,
            "z": 0.0
        },
        {
            "enemyType": "HealEnemy",
            "x": 16.95911979675293,
            "y": -2.632572889328003,
            "z": 0.0
        }
    ]
}