{
    "enemies": [
        {
            "enemyType": "EnergyEnemy",
            "x": 3.35337233543396,
            "y": -8.091898918151856,
            "z": 0.0
        },
        {
            "enemyType": "HealEnemy",
            "x": 10.649714469909668,
            "y": 11.43736457824707,
            "z": 0.0
        }
    ]
}