{
    "enemies": [
        {
            "enemyType": "HealEnemy",
            "x": -3.2202603816986086,
            "y": -9.177704811096192,
            "z": 0.0,
            "currentHpEnemy": 100.0
        },
        {
            "enemyType": "HealEnemy",
            "x": -6.899444580078125,
            "y": -11.217493057250977,
            "z": 0.0,
            "currentHpEnemy": 100.0
        },
        {
            "enemyType": "HealEnemy",
            "x": 4.13909912109375,
            "y": 1.7933372259140015,
            "z": 0.0,
            "currentHpEnemy": 100.0
        },
        {
            "enemyType": "BasicEnemy",
            "x": 12.562728881835938,
            "y": -3.5725860595703127,
            "z": 0.0,
            "currentHpEnemy": 100.0
        }
    ]
}