{
    "enemies": [
        {
            "enemyType": "EnergyEnemy",
            "x": -17.073482513427736,
            "y": -14.842254638671875,
            "z": 0.0
        },
        {
            "enemyType": "ExplosionEnemy",
            "x": 4.686913013458252,
            "y": -11.595032691955567,
            "z": 0.0
        },
        {
            "enemyType": "EnergyEnemy",
            "x": 10.646992683410645,
            "y": 11.658967971801758,
            "z": 0.0
        }
    ]
}