{
    "enemies": [
        {
            "enemyType": "BasicEnemy",
            "x": 5.182010650634766,
            "y": -12.080733299255371,
            "z": 0.0,
            "currentHpEnemy": 100.0
        }
    ]
}