{
    "x": 1.8255914449691773,
    "y": 7.473250865936279,
    "z": 0.0,
    "currentHp": 166.0
}