{
    "x": -2.240118980407715,
    "y": 6.712929725646973,
    "z": 0.0,
    "currentHp": 0.0
}