{
    "x": -1.6319994926452637,
    "y": -15.300006866455079,
    "z": 0.0,
    "currentHp": 53.0
}