{
    "x": 9.568721771240235,
    "y": 2.5465481281280519,
    "z": 0.0,
    "currentHp": 76.0
}