{
    "x": 0.3965034484863281,
    "y": 1.3223999738693238,
    "z": 0.0,
    "currentHp": 146.0
}