{
    "x": 0.39999979734420779,
    "y": -0.09999990463256836,
    "z": 0.0
}