{
    "x": 2.219221591949463,
    "y": -5.8809967041015629,
    "z": 0.0,
    "currentHp": 14.0
}