{
    "x": -5.993278503417969,
    "y": 15.22292423248291,
    "z": 0.0,
    "currentHp": 0.0
}