{
    "x": -1.231391191482544,
    "y": -8.608726501464844,
    "z": 0.0,
    "currentHp": 58.0
}