{
    "x": -4.712398052215576,
    "y": -12.822985649108887,
    "z": 0.0,
    "currentHp": 9225.0
}