{
    "x": -1.8563995361328126,
    "y": -12.822985649108887,
    "z": 0.0,
    "currentHp": 9215.0
}