{
    "x": -11.585432052612305,
    "y": 6.978989124298096,
    "z": 0.0
}