{
    "x": -6.383997440338135,
    "y": -1.975998878479004,
    "z": 0.0,
    "currentHp": 82.0
}