{
    "x": 0.31216925382614138,
    "y": 2.966994524002075,
    "z": 0.0,
    "currentHp": 42.0
}