{
    "x": 0.7999996542930603,
    "y": -1.1999995708465577,
    "z": 0.0
}