{
    "x": -0.2999999523162842,
    "y": -0.09999990463256836,
    "z": 0.0
}