{
    "x": -0.4747071862220764,
    "y": 8.279165267944336,
    "z": 0.0,
    "currentHp": 0.0
}