{
    "x": -4.799996376037598,
    "y": 0.9999997019767761,
    "z": 0.0
}