{
    "x": -4.559998035430908,
    "y": -13.983976364135743,
    "z": 0.0,
    "currentHp": 48.0
}