{
    "x": 1.5456008911132813,
    "y": -11.334982872009278,
    "z": 0.0,
    "currentHp": 150.0
}