{
    "x": -3.710113286972046,
    "y": 8.945015907287598,
    "z": 0.0,
    "currentHp": 0.0
}