{
    "x": -18.425168991088868,
    "y": -9.783235549926758,
    "z": 0.0,
    "currentHp": 0.0
}