{
    "x": -6.267995357513428,
    "y": -4.3259992599487309,
    "z": 0.0,
    "currentHp": 100.0
}